[ 
    { 
        "Title": "Live: Greg Inglis to announce nrl retirement", 
        "Imageurl": "../images/office_man.jpg", 
        "Intro": "<span style='color: red'>RABBITOHS STAR</span> Greg Inglis has arrived at South Sydney headquarters and will front a media conference later this morning to announce his retirement from rugby league.",
        "Published": "2m"
    },
    { 
        "Title": "Opal Tower units still closed as work only approved now",
        "Imageurl": "../images/office_man.jpg", 
        "Intro": "<span style='color: blue; font-weight: bold'>EXCLUSIVE</span> People are still unable to move back into almost half the apartments in Opal Tower more than three months after cracks appeared in the trouble-plagued building and final rectification works have only just been given the green light.",
        "Published": "1h"
    },
    { 
        "Title": "One Nation support has crashed: Newspoll", 
        "Imageurl": "../images/Govt_ppl.png", 
        "Intro": "",
        "Published": "10h"
    },
    { 
       "Title": "Two fake cops robbed Sydney currency exchange shop", 
       "Imageurl": "../images/Govt_ppl.png", 
       "Intro": "",
       "Published": "3h"
    }    
]